date,Alabama,Alaska,Arizona,Arkansas,California,Colorado,Connecticut,Delaware,District of Columbia,Florida,Georgia,Hawaii,Idaho,Illinois,Indiana,Iowa,Kansas,Kentucky,Louisiana,Maine,Maryland,Massachusetts,Michigan,Minnesota,Mississippi,Missouri,Montana,Nebraska,Nevada,New Hampshire,New Jersey,New Mexico,New York,North Carolina,North Dakota,Ohio,Oklahoma,Oregon,Pennsylvania,Puerto Rico,Rhode Island,South Carolina,South Dakota,Tennessee,Texas,Utah,Vermont,Virginia,Washington,West Virginia,Wisconsin,Wyoming
2020-01-21,0,0,0,0,0,0,0,0,0,0,0,0,0,0,0,0,0,0,0,0,0,0,0,0,0,0,0,0,0,0,0,0,0,0,0,0,0,0,0,0,0,0,0,0,0,0,0,0,0.13,0,0,0
2020-01-22,0,0,0,0,0,0,0,0,0,0,0,0,0,0,0,0,0,0,0,0,0,0,0,0,0,0,0,0,0,0,0,0,0,0,0,0,0,0,0,0,0,0,0,0,0,0,0,0,0.13,0,0,0
2020-01-23,0,0,0,0,0,0,0,0,0,0,0,0,0,0,0,0,0,0,0,0,0,0,0,0,0,0,0,0,0,0,0,0,0,0,0,0,0,0,0,0,0,0,0,0,0,0,0,0,0.13,0,0,0
2020-01-24,0,0,0,0,0,0,0,0,0,0,0,0,0,0.08,0,0,0,0,0,0,0,0,0,0,0,0,0,0,0,0,0,0,0,0,0,0,0,0,0,0,0,0,0,0,0,0,0,0,0.13,0,0,0
2020-01-25,0,0,0,0,0.03,0,0,0,0,0,0,0,0,0.08,0,0,0,0,0,0,0,0,0,0,0,0,0,0,0,0,0,0,0,0,0,0,0,0,0,0,0,0,0,0,0,0,0,0,0.13,0,0,0
2020-01-26,0,0,0.14,0,0.05,0,0,0,0,0,0,0,0,0.08,0,0,0,0,0,0,0,0,0,0,0,0,0,0,0,0,0,0,0,0,0,0,0,0,0,0,0,0,0,0,0,0,0,0,0.13,0,0,0
2020-01-27,0,0,0.14,0,0.05,0,0,0,0,0,0,0,0,0.08,0,0,0,0,0,0,0,0,0,0,0,0,0,0,0,0,0,0,0,0,0,0,0,0,0,0,0,0,0,0,0,0,0,0,0.13,0,0,0
2020-01-28,0,0,0.14,0,0.05,0,0,0,0,0,0,0,0,0.08,0,0,0,0,0,0,0,0,0,0,0,0,0,0,0,0,0,0,0,0,0,0,0,0,0,0,0,0,0,0,0,0,0,0,0.13,0,0,0
2020-01-29,0,0,0.14,0,0.05,0,0,0,0,0,0,0,0,0.08,0,0,0,0,0,0,0,0,0,0,0,0,0,0,0,0,0,0,0,0,0,0,0,0,0,0,0,0,0,0,0,0,0,0,0.13,0,0,0
2020-01-30,0,0,0.14,0,0.05,0,0,0,0,0,0,0,0,0.16,0,0,0,0,0,0,0,0,0,0,0,0,0,0,0,0,0,0,0,0,0,0,0,0,0,0,0,0,0,0,0,0,0,0,0.13,0,0,0
2020-01-31,0,0,0.14,0,0.08,0,0,0,0,0,0,0,0,0.16,0,0,0,0,0,0,0,0,0,0,0,0,0,0,0,0,0,0,0,0,0,0,0,0,0,0,0,0,0,0,0,0,0,0,0.13,0,0,0
2020-02-01,0,0,0.14,0,0.08,0,0,0,0,0,0,0,0,0.16,0,0,0,0,0,0,0,0.14,0,0,0,0,0,0,0,0,0,0,0,0,0,0,0,0,0,0,0,0,0,0,0,0,0,0,0.13,0,0,0
2020-02-02,0,0,0.14,0,0.15,0,0,0,0,0,0,0,0,0.16,0,0,0,0,0,0,0,0.14,0,0,0,0,0,0,0,0,0,0,0,0,0,0,0,0,0,0,0,0,0,0,0,0,0,0,0.13,0,0,0
2020-02-03,0,0,0.14,0,0.15,0,0,0,0,0,0,0,0,0.16,0,0,0,0,0,0,0,0.14,0,0,0,0,0,0,0,0,0,0,0,0,0,0,0,0,0,0,0,0,0,0,0,0,0,0,0.13,0,0,0
2020-02-04,0,0,0.14,0,0.15,0,0,0,0,0,0,0,0,0.16,0,0,0,0,0,0,0,0.14,0,0,0,0,0,0,0,0,0,0,0,0,0,0,0,0,0,0,0,0,0,0,0,0,0,0,0.13,0,0,0
2020-02-05,0,0,0.14,0,0.15,0,0,0,0,0,0,0,0,0.16,0,0,0,0,0,0,0,0.14,0,0,0,0,0,0,0,0,0,0,0,0,0,0,0,0,0,0,0,0,0,0,0,0,0,0,0.13,0,0.17,0
2020-02-06,0,0,0.14,0,0.15,0,0,0,0,0,0,0,0,0.16,0,0,0,0,0,0,0,0.14,0,0,0,0,0,0,0,0,0,0,0,0,0,0,0,0,0,0,0,0,0,0,0,0,0,0,0.13,0,0.17,0
2020-02-07,0,0,0.14,0,0.15,0,0,0,0,0,0,0,0,0.16,0,0,0,0,0,0,0,0.14,0,0,0,0,0,0,0,0,0,0,0,0,0,0,0,0,0,0,0,0,0,0,0,0,0,0,0.13,0,0.17,0
2020-02-08,0,0,0.14,0,0.15,0,0,0,0,0,0,0,0,0.16,0,0,0,0,0,0,0,0.14,0,0,0,0,0,0,0,0,0,0,0,0,0,0,0,0,0,0,0,0,0,0,0,0,0,0,0.13,0,0.17,0
2020-02-09,0,0,0.14,0,0.15,0,0,0,0,0,0,0,0,0.16,0,0,0,0,0,0,0,0.14,0,0,0,0,0,0,0,0,0,0,0,0,0,0,0,0,0,0,0,0,0,0,0,0,0,0,0.13,0,0.17,0
2020-02-10,0,0,0.14,0,0.18,0,0,0,0,0,0,0,0,0.16,0,0,0,0,0,0,0,0.14,0,0,0,0,0,0,0,0,0,0,0,0,0,0,0,0,0,0,0,0,0,0,0,0,0,0,0.13,0,0.17,0
2020-02-11,0,0,0.14,0,0.18,0,0,0,0,0,0,0,0,0.16,0,0,0,0,0,0,0,0.14,0,0,0,0,0,0,0,0,0,0,0,0,0,0,0,0,0,0,0,0,0,0,0,0,0,0,0.13,0,0.17,0
2020-02-12,0,0,0.14,0,0.18,0,0,0,0,0,0,0,0,0.16,0,0,0,0,0,0,0,0.14,0,0,0,0,0,0,0,0,0,0,0,0,0,0,0,0,0,0,0,0,0,0,0.03,0,0,0,0.13,0,0.17,0
2020-02-13,0,0,0.14,0,0.18,0,0,0,0,0,0,0,0,0.16,0,0,0,0,0,0,0,0.14,0,0,0,0,0,0,0,0,0,0,0,0,0,0,0,0,0,0,0,0,0,0,0.07,0,0,0,0.13,0,0.17,0
2020-02-14,0,0,0.14,0,0.18,0,0,0,0,0,0,0,0,0.16,0,0,0,0,0,0,0,0.14,0,0,0,0,0,0,0,0,0,0,0,0,0,0,0,0,0,0,0,0,0,0,0.07,0,0,0,0.13,0,0.17,0
2020-02-15,0,0,0.14,0,0.18,0,0,0,0,0,0,0,0,0.16,0,0,0,0,0,0,0,0.14,0,0,0,0,0,0,0,0,0,0,0,0,0,0,0,0,0,0,0,0,0,0,0.07,0,0,0,0.13,0,0.17,0
2020-02-16,0,0,0.14,0,0.18,0,0,0,0,0,0,0,0,0.16,0,0,0,0,0,0,0,0.14,0,0,0,0,0,0,0,0,0,0,0,0,0,0,0,0,0,0,0,0,0,0,0.07,0,0,0,0.13,0,0.17,0
2020-02-17,0,0,0.14,0,0.18,0,0,0,0,0,0,0,0,0.16,0,0,0,0,0,0,0,0.14,0,0,0,0,0,5.18,0,0,0,0,0,0,0,0,0,0,0,0,0,0,0,0,0.07,0,0,0,0.13,0,0.17,0
2020-02-18,0,0,0.14,0,0.18,0,0,0,0,0,0,0,0,0.16,0,0,0,0,0,0,0,0.14,0,0,0,0,0,5.18,0,0,0,0,0,0,0,0,0,0,0,0,0,0,0,0,0.07,0,0,0,0.13,0,0.17,0
2020-02-19,0,0,0.14,0,0.18,0,0,0,0,0,0,0,0,0.16,0,0,0,0,0,0,0,0.14,0,0,0,0,0,5.18,0,0,0,0,0,0,0,0,0,0,0,0,0,0,0,0,0.07,0,0,0,0.13,0,0.17,0
2020-02-20,0,0,0.14,0,0.20,0,0,0,0,0,0,0,0,0.16,0,0,0,0,0,0,0,0.14,0,0,0,0,0,5.70,0,0,0,0,0,0,0,0,0,0,0,0,0,0,0,0,0.07,0,0,0,0.13,0,0.17,0
2020-02-21,0,0,0.14,0,0.23,0,0,0,0,0,0,0,0,0.16,0,0,0,0,0,0,0,0.14,0,0,0,0,0,5.70,0,0,0,0,0,0,0,0,0,0,0,0,0,0,0,0,0.14,0,0,0,0.13,0,0.17,0
2020-02-22,0,0,0.14,0,0.23,0,0,0,0,0,0,0,0,0.16,0,0,0,0,0,0,0,0.14,0,0,0,0,0,5.70,0,0,0,0,0,0,0,0,0,0,0,0,0,0,0,0,0.14,0,0,0,0.13,0,0.17,0
2020-02-23,0,0,0.14,0,0.23,0,0,0,0,0,0,0,0,0.16,0,0,0,0,0,0,0,0.14,0,0,0,0,0,5.70,0,0,0,0,0,0,0,0,0,0,0,0,0,0,0,0,0.14,0,0,0,0.13,0,0.17,0
2020-02-24,0,0,0.14,0,0.28,0,0,0,0,0,0,0,0,0.16,0,0,0,0,0,0,0,0.14,0,0,0,0,0,6.22,0,0,0,0,0,0,0,0,0,0,0,0,0,0,0,0,0.35,0,0,0,0.66,0,0.17,0
2020-02-25,0,0,0.14,0,0.28,0,0,0,0,0,0,0,0,0.16,0,0,0,0,0,0,0,0.14,0,0,0,0,0,6.74,0,0,0,0,0,0,0,0,0,0,0,0,0,0,0,0,0.35,0.32,0,0,0.66,0,0.17,0
2020-02-26,0,0,0.14,0,0.66,0,0,0,0,0,0,0,0,0.16,0,0,0,0,0,0,0,0.14,0,0,0,0,0,6.74,0,0,0,0,0,0,0,0,0,0,0,0,0,0,0,0,0.35,0.32,0,0,0.66,0,0.17,0
2020-02-27,0,0,0.14,0,0.66,0,0,0,0,0,0,0,0,0.16,0,0,0,0,0,0,0,0.14,0,0,0,0,0,6.74,0,0,0,0,0,0,0,0,0,0,0,0,0,0,0,0,0.35,0.32,0,0,0.66,0,0.17,0
2020-02-28,0,0,0.14,0,0.68,0,0,0,0,0,0,0,0,0.16,0,0,0,0,0,0,0,0.14,0,0,0,0,0,6.74,0,0,0,0,0,0,0,0,0,0.24,0,0,0,0,0,0,0.38,0.32,0,0,0.93,0,0.17,0
2020-02-29,0,0,0.14,0,0.71,0,0,0,0,0,0,0,0,0.24,0,0,0,0,0,0,0,0.14,0,0,0,0,0,6.74,0,0,0,0,0,0,0,0,0,0.24,0,0,0,0,0,0,0.38,0.32,0,0,1.33,0,0.17,0
2020-03-01,0,0,0.14,0,0.83,0,0,0,0,0.09,0,0,0,0.24,0,0,0,0,0,0,0,0.14,0,0,0,0,0,6.74,0,0,0,0,0.05,0,0,0,0,0.48,0,0,1.89,0,0,0,0.38,0.32,0,0,2.26,0,0.17,0
2020-03-02,0,0,0.14,0,0.96,0,0,0,0,0.09,0.19,0,0,0.31,0,0,0,0,0,0,0,0.29,0,0,0,0,0,6.74,0,0.74,0,0,0.05,0,0,0,0,0.48,0,0,1.89,0,0,0,0.38,0.32,0,0,3.05,0,0.17,0
2020-03-03,0,0,0.28,0,1.14,0,0,0,0,0.14,0.19,0,0,0.31,0,0,0,0,0,0,0,0.29,0,0,0,0,0,6.74,0,1.47,0,0,0.10,0.10,0,0,0,0.48,0,0,1.89,0,0,0,0.38,0.32,0,0,4.25,0,0.17,0
2020-03-04,0,0,0.28,0,1.39,0,0,0,0,0.14,0.19,0,0,0.31,0,0,0,0,0,0,0,0.29,0,0,0,0,0,6.74,0,1.47,0.11,0,0.56,0.10,0,0,0,0.48,0,0,1.89,0,0,0,0.42,0.32,0,0,6.24,0,0.17,0
2020-03-05,0,0,0.28,0,1.69,0.35,0,0,0,0.19,0.19,0,0,0.39,0,0,0,0,0,0,0.50,0.43,0,0,0,0,0,6.74,0.66,1.47,0.22,0,1.13,0.10,0,0,0,0.48,0,0,1.89,0,0,0.15,0.56,0.32,0,0,9.95,0,0.17,0
2020-03-06,0,0,0.42,0,2.05,1.40,0,0,0,0.33,0.29,0.70,0,0.47,0.15,0,0,0.22,0,0,0.50,1.16,0,0.18,0,0,0,7.26,0.66,1.47,0.45,0,2.25,0.19,0,0,0.25,0.48,0.16,0,2.84,0.39,0,0.15,0.66,0.95,0,0,11.41,0,0.17,0
2020-03-07,0,0,0.70,0,2.53,1.40,0,0,1.42,0.56,0.67,0.70,0,0.47,0.15,0,0.34,0.22,0,0,0.50,1.88,0,0.18,0,0.16,0,7.26,0.66,2.95,0.45,0,4.55,0.19,0,0,0.25,1.43,0.31,0,2.84,0.39,0,0.15,0.66,0.95,1.60,0.12,14.60,0,0.17,0
2020-03-08,0,0,0.70,0,2.83,1.40,0.28,0,1.42,0.61,1.05,1.41,0,0.55,0.30,0.95,0.34,0.90,0,0,0.83,4.06,0,0.36,0,0.16,0,8.29,1.32,2.95,0.67,0,5.42,0.19,0,0,0.25,3.10,0.47,0,2.84,1.18,0,0.44,0.80,0.95,1.60,0.23,18.71,0,0.17,0
2020-03-09,0,0,0.84,0,4.35,2.11,0.56,0,5.69,0.66,1.62,1.41,0,0.86,0.60,2.53,0.34,1.12,0.21,0,0.99,5.94,0,0.36,0,0.16,0,8.29,1.32,2.95,1.23,0,7.27,0.67,0,0.26,0.25,3.10,0.78,0,2.84,1.38,0,0.59,0.84,0.95,1.60,0.59,23.75,0,0.34,0
2020-03-10,0,0,0.84,0,4.53,2.98,0.56,0,5.69,1.08,2.09,1.41,0,1.49,0.90,4.12,0.34,1.57,1.29,0,1.49,13.33,0.20,0.53,0,0.16,0,8.81,1.32,3.69,1.68,0,8.85,0.67,0,0.26,0.51,3.34,0.94,0,4.73,1.77,5.67,1.03,1.08,1.27,1.60,0.94,37.02,0,0.52,0
2020-03-11,0,0,1.25,0.33,5.11,5.97,0.84,1.03,14.24,1.22,2.95,1.41,0,1.96,1.64,4.44,0.34,1.57,2.79,0,2.15,13.76,0.20,0.89,0.33,0.16,0,11.92,2.31,3.69,2.58,1.91,11.10,0.77,1.32,0.34,0.51,4.77,1.25,0,4.73,1.97,9.07,1.18,1.15,1.58,3.19,1.17,44.85,0,1.03,1.73
2020-03-12,0,1.36,1.25,1.99,6.37,8.60,1.68,4.14,14.24,2.16,2.95,1.41,0,2.51,1.79,5.07,1.72,2.46,3.00,0.75,2.15,15.65,1.20,1.60,0.33,0.33,0,12.44,3.63,4.42,3.26,2.86,16.68,1.54,1.32,0.43,0.51,7.16,1.72,0,4.73,2.36,9.07,2.66,1.43,2.21,3.19,2.00,55.60,0,1.38,1.73
2020-03-13,1.23,1.36,1.25,2.32,8.09,13.69,3.08,4.14,14.24,3.29,3.90,1.41,0.57,3.61,1.79,5.39,2.06,2.46,7.73,1.49,2.98,17.82,2.50,2.50,2.01,0.65,3.77,13.99,6.26,5.16,5.61,4.77,21.54,1.73,1.32,1.11,0.76,7.16,3.20,0.94,18.92,2.56,10.20,3.84,2.02,2.21,3.19,3.52,67.81,0,3.27,3.46
2020-03-14,2.46,1.36,1.67,2.99,9.63,18.08,5.60,4.14,22.78,3.29,6.18,2.82,2.85,5.18,2.24,5.70,2.75,4.03,16.52,2.24,4.47,19.99,3.30,3.74,2.01,0.82,5.65,15.03,6.92,5.16,8.42,6.20,31.21,2.41,1.32,2.22,1.01,8.59,3.67,1.25,18.92,3.74,10.20,4.73,2.40,6.64,7.98,4.93,80.82,0,4.64,5.19
2020-03-15,4.71,1.36,1.81,5.31,12.08,23.88,7.28,7.24,24.20,5.12,9.22,4.93,2.85,7.38,2.84,6.97,3.09,4.70,22.10,8.97,5.30,23.76,5.30,6.24,3.35,0.82,5.65,16.07,8.57,9.58,11.00,8.11,37.46,3.08,1.32,3.17,2.03,9.31,5.31,1.56,18.92,5.51,10.20,5.76,2.79,9.17,12.77,5.28,89.57,0,5.68,5.19
2020-03-16,5.93,4.07,2.51,7.30,14.86,28.27,11.48,8.27,31.32,6.62,11.22,7.04,2.85,8.16,3.59,6.97,3.78,4.92,29.40,12.70,6.45,28.54,5.40,9.62,4.02,1.47,7.53,17.10,14.83,12.53,19.76,10.02,48.61,3.27,1.32,4.28,2.54,10.98,6.32,1.56,19.86,6.49,11.33,7.68,3.03,12.65,19.16,5.99,105.37,0,8.08,17.31
2020-03-17,7.98,8.14,2.79,7.30,18.50,32.13,19.03,16.54,44.13,9.86,13.50,9.86,5.13,12.48,4.48,9.19,5.84,5.82,42.06,23.91,9.43,31.58,6.50,10.69,7.03,2.61,7.53,18.66,18.13,19.17,30.08,10.98,70.36,4.04,6.58,5.73,4.56,15.75,7.89,1.56,21.75,9.24,12.47,10.78,3.69,16.13,22.35,7.87,120.49,0.55,12.38,25.96
2020-03-18,10.43,12.20,3.90,10.95,22.57,37.92,26.87,26.88,51.25,15.31,18.35,11.26,6.27,22.45,5.83,12.04,7.56,7.83,60.09,32.13,14.07,37.09,8.00,13.72,11.38,3.43,11.30,22.29,27.02,28.75,47.93,13.36,122.15,6.36,9.21,7.70,7.35,17.66,10.85,1.56,31.21,11.80,12.47,14.48,5.78,20.56,30.34,9.16,136.15,1.11,18.23,29.43
2020-03-19,15.96,16.27,6.55,20.57,26.97,48.81,44.50,31.02,55.52,20.38,26.81,18.30,13.11,32.96,8.37,13.94,12.02,10.52,84.12,38.85,17.87,47.52,33.41,15.86,16.74,5.71,17.89,24.36,32.63,32.44,82.51,16.70,212.92,10.02,25.00,10.27,11.16,20.76,14.60,1.88,41.61,15.93,15.87,22.90,8.64,25.31,35.13,11.04,162.96,2.77,26.66,31.16
2020-03-20,21.69,18.98,9.76,33.18,32.43,63.91,54.30,40.32,101.07,26.48,45.82,26.05,17.67,45.76,12.10,14.26,16.83,14.10,115.24,42.59,24.82,59.84,54.82,20.49,26.79,11.92,17.89,27.47,54.38,40.55,100.58,20.52,363.98,13.87,35.52,14.46,12.43,27.20,21.00,4.38,41.61,24.78,15.87,35.01,13.45,35.43,46.30,13.50,186.32,4.43,37.15,38.08
2020-03-21,26.80,28.48,14.50,39.15,39.03,83.40,62.42,46.53,109.62,35.87,52.47,33.79,23.94,58.94,19.13,21.55,19.58,18.80,163.73,52.30,32.27,76.06,78.73,24.59,46.88,15.18,27.30,31.62,54.38,47.92,149.97,27.20,530.70,17.72,36.84,21.13,13.44,32.69,30.30,6.57,62.42,33.83,15.87,46.09,19.06,43.66,78.24,17.85,219.62,6.65,48.34,41.54
2020-03-22,32.12,29.83,21.33,54.75,46.79,103.76,91.53,57.90,139.51,46.95,58.94,39.42,26.79,82.18,30.48,28.52,22.67,23.05,179.61,66.50,40.54,93.59,103.34,30.47,69.31,21.22,32.01,32.14,62.62,57.50,214.85,31.02,777.19,25.91,39.47,30.03,16.99,38.42,39.35,7.20,78.50,38.16,23.80,62.63,22.26,57.57,83.03,25.71,244.71,8.86,65.71,45.00
2020-03-23,40.10,48.82,32.63,66.69,56.63,126.59,116.16,89.95,165.14,57.37,76.05,54.21,28.50,100.85,39.45,33.27,28.16,27.75,251.50,79.95,47.99,112.57,132.45,41.88,83.37,29.87,42.36,37.84,87.33,74.46,319.24,39.61,1069.43,29.08,42.10,37.98,20.54,45.58,50.28,9.70,100.25,58.81,31.74,77.10,25.36,81.30,119.75,29.82,278.81,8.86,71.90,48.46
2020-03-24,49.51,56.95,45.46,76.65,66.84,160.12,172.98,107.53,195.03,68.88,104.09,63.36,41.61,120.48,55.44,39.29,35.03,35.14,297.86,88.16,57.76,167.92,179.17,47.05,107.15,41.62,48.01,39.91,103.81,79.62,412.53,47.72,1315.31,38.23,48.68,48.25,26.88,49.87,66.45,12.21,117.28,67.27,34.00,100.15,29.86,94.59,151.68,34.16,327.65,21.60,82.74,64.04
2020-03-25,78.97,80.01,56.05,101.86,80.47,190.67,244.92,123.04,260.51,92.54,131.66,66.88,70.12,147.08,72.33,46.58,46.02,44.31,385.19,106.10,70.00,266.29,229.39,51.50,125.90,62.68,61.19,43.54,133.47,101.00,494.13,53.93,1694.64,54.12,59.20,60.48,41.59,63.47,89.87,15.96,124.84,83.59,46.47,119.05,39.44,109.46,196.39,45.79,343.04,28.24,107.16,84.81
2020-03-26,110.07,93.57,70.83,116.13,102.64,251.42,283.26,147.85,328.85,116.34,156.00,74.62,107.74,199.20,98.78,56.71,59.42,55.50,494.64,115.81,96.15,350.18,287.82,61.66,162.73,82.92,84.72,47.17,176.31,116.48,771.85,64.90,1998.65,61.54,76.31,74.17,62.90,75.40,131.96,20.03,156.06,89.69,52.14,144.90,53.72,127.17,252.28,70.79,425.71,42.09,129.70,96.93
2020-03-27,130.73,115.26,92.73,127.74,124.25,304.62,361.35,170.60,380.10,150.15,208.95,84.48,132.25,237.73,148.24,74.77,73.16,67.59,589.27,125.52,130.74,469.42,365.65,70.93,193.87,109.36,113.90,52.87,204.65,137.86,990.62,91.15,2289.71,75.50,89.46,97.87,81.66,99.03,173.11,24.72,192.00,106.61,65.74,174.30,68.67,151.85,293.79,71.03,500.29,53.16,159.97,128.09
2020-03-28,147.30,138.32,107.79,135.71,140.71,361.86,426.57,221.26,432.77,189.58,232.62,106.30,149.36,278.39,185.15,94.42,93.42,88.17,711.38,157.65,176.41,616.76,463.59,78.77,224.01,136.62,138.38,63.24,243.21,157.76,1248.69,100.22,2738.53,93.61,122.36,120.28,95.61,114.54,219.80,31.30,226.04,130.01,77.08,201.33,82.96,192.34,336.90,86.76,572.09,62.58,179.24,147.13
2020-03-29,169.81,154.59,129.68,148.98,159.79,406.46,557.85,239.87,486.86,232.07,255.05,123.20,176.72,362.21,227.44,106.46,114.37,98.25,759.45,189.03,205.87,717.89,548.82,89.82,254.14,147.23,151.56,71.53,303.19,190.20,1502.61,113.10,3059.17,112.29,127.62,142.44,108.80,131.00,268.68,39.75,278.06,152.44,102.01,231.76,94.84,227.45,375.22,104.37,649.85,68.67,192.65,152.32
2020-03-30,193.74,162.73,163.00,168.56,187.60,461.41,719.63,272.96,570.86,267.38,288.23,143.61,236.57,397.93,268.53,134.34,128.46,107.42,863.52,205.47,234.17,833.36,651.07,102.65,283.94,171.22,166.62,95.89,344.06,231.49,1867.43,134.58,3454.27,125.49,143.41,165.36,121.99,144.84,324.51,54.46,385.88,181.94,113.35,254.21,106.79,254.97,408.75,119.75,687.40,80.30,218.28,166.17
2020-03-31,204.38,180.35,180.99,187.14,216.98,524.97,875.54,329.83,704.67,316.54,391.27,157.69,299.85,470.29,325.32,157.79,149.41,132.04,1123.83,226.39,275.04,959.12,763.21,112.10,313.74,220.36,186.39,103.15,366.80,270.56,2098.67,150.33,3899.82,147.06,165.77,188.12,143.54,164.65,390.18,74.80,461.55,213.02,121.28,302.66,125.01,280.60,467.83,146.64,702.40,89.71,232.39,209.44
2020-04-01,226.68,193.91,197.03,207.05,249.18,587.47,995.62,380.49,834.22,364.75,451.26,181.63,381.37,547.68,385.24,173.95,167.95,150.84,1378.55,257.02,328.49,1121.10,929.58,122.79,359.28,257.90,206.16,129.06,421.50,305.94,2498.17,173.23,4317.01,153.22,193.40,217.97,182.34,175.87,453.27,89.51,535.32,254.32,146.22,397.19,153.37,320.14,512.53,177.40,741.68,105.77,266.96,238.86
2020-04-02,259.83,197.98,223.10,226.62,282.88,654.54,1070.35,406.34,929.60,422.55,517.52,199.23,507.92,603.95,456.67,194.54,190.28,167.17,1963.96,280.93,385.75,1299.02,1079.54,132.24,394.10,299.36,226.87,141.50,480.49,353.13,2872.53,192.32,4777.35,178.94,209.19,248.34,222.92,197.34,548.21,98.90,621.39,305.66,187.02,423.63,172.53,340.70,539.68,200.29,873.99,120.17,297.58,266.56
2020-04-03,314.04,211.54,246.67,244.87,317.74,734.26,1375.72,465.27,1077.65,481.71,567.23,223.16,576.90,698.84,516.30,221.47,214.67,170.53,2210.10,322.77,456.42,1507.07,1267.42,140.61,454.71,344.90,246.63,153.94,510.48,398.10,3355.78,236.23,5305.90,201.57,227.61,283.33,250.82,214.52,657.45,118.30,672.46,334.37,211.96,447.86,201.14,394.80,621.11,236.10,924.55,134.01,329.57,289.06
2020-04-04,333.89,229.17,281.53,246.53,348.76,803.08,1476.77,613.13,1284.07,541.66,606.78,245.69,613.38,812.88,594.00,249.04,241.11,203.43,2682.42,340.70,517.15,1700.34,1423.08,154.16,487.19,373.95,264.52,175.71,579.36,457.81,3830.49,259.61,5933.98,231.33,244.71,319.86,293.93,238.62,789.41,141.46,762.31,377.06,240.30,482.27,228.77,451.11,736.07,282.71,995.14,156.16,363.29,327.14
2020-04-05,376.44,248.16,316.38,283.03,384.31,869.10,1588.45,695.84,1420.73,579.45,640.91,259.77,627.06,885.01,663.04,275.02,264.12,234.54,2792.72,351.16,597.25,1811.03,1563.94,166.63,548.46,386.36,280.52,195.41,619.56,493.20,4210.01,297.79,6349.59,248.95,272.34,345.87,317.26,254.85,904.97,148.66,872.02,403.02,272.04,522.60,247.96,511.85,817.50,309.47,1059.64,179.97,389.95,346.18
2020-04-06,410.20,256.29,343.85,307.58,413.61,908.08,1933.01,809.58,1561.67,639.50,718.48,271.03,666.97,962.40,745.08,299.73,293.32,236.55,3190.36,372.83,669.40,2004.74,1713.60,175.72,581.95,444.30,300.29,227.03,649.55,527.11,4612.44,327.38,6825.69,276.40,296.02,380.69,336.29,270.12,1020.92,160.56,1023.35,439.01,326.44,554.36,283.95,525.77,867.00,337.77,1112.72,192.16,419.71,368.68
2020-04-07,449.48,286.13,359.33,330.81,443.41,953.20,2177.93,959.50,1723.95,691.99,870.39,287.22,689.77,1063.41,828.47,332.05,310.84,288.47,3494.44,387.78,723.35,2202.50,1885.87,190.51,641.21,495.72,300.29,254.50,692.40,550.70,4985.79,378.92,7251.12,310.10,311.81,409.17,372.81,281.81,1138.59,179.33,1162.38,475.40,362.72,592.32,312.45,549.49,918.09,391.19,1152.27,228.70,443.45,382.53
2020-04-08,511.06,303.75,380.11,357.35,481.41,992.88,2457.83,1153.88,2049.95,736.64,970.01,304.82,702.31,1183.42,894.52,362.78,362.36,311.74,3654.52,401.22,914.99,2432.58,2022.83,205.66,670.68,543.05,312.53,278.86,763.91,580.92,5324.90,412.80,7740.73,329.65,330.23,440.48,386.25,295.65,1281.64,194.04,1371.40,501.95,445.46,627.18,344.82,588.40,965.99,427.82,1207.34,267.47,474.06,398.11
2020-04-09,580.62,315.96,420.82,380.25,510.43,1088.92,2738.57,1250.04,2168.11,789.65,1034.75,309.75,778.70,1288.90,956.38,402.39,383.31,341.29,3923.41,418.41,1023.55,2744.22,2138.37,221.34,756.73,577.66,333.24,307.89,809.39,603.78,5727.89,471.98,8291.59,351.61,353.91,471.62,426.82,315.22,1435.07,213.76,1633.38,549.16,506.67,658.20,396.21,626.36,1002.72,474.42,1275.15,290.17,496.25,524.46
2020-04-10,615.40,330.88,433.93,398.83,540.13,1142.99,2949.62,1371.01,2363.14,843.22,1127.34,325.94,812.33,1403.88,1040.07,439.78,405.29,380.90,4131.56,437.83,1153.12,3038.76,2265.53,237.92,826.71,620.10,343.59,351.43,858.82,652.43,6127.62,520.18,8843.93,376.17,365.75,502.93,454.97,327.15,1571.63,226.91,1905.77,602.86,607.55,707.98,428.23,665.27,1084.15,529.37,1312.17,297.37,527.73,553.89
2020-04-11,667.37,345.79,473.11,407.46,566.80,1210.24,3221.68,1529.20,2531.12,891.01,1165.55,340.73,819.74,1505.37,1119.87,478.43,440.32,414.24,4294.87,460.25,1273.27,3312.01,2386.47,254.31,884.64,656.82,354.89,372.16,896.39,684.87,6527.57,560.27,9363.83,415.08,385.49,534.76,473.74,345.29,1700.16,246.62,2221.67,630.79,709.56,736.04,460.18,698.49,1135.24,595.94,1357.16,328.38,552.67,593.70
2020-04-12,733.04,366.13,493.47,424.71,589.60,1282.23,3368.63,1680.16,2669.21,932.19,1150.53,349.88,830.57,1636.60,1193.98,502.83,459.21,439.31,4419.55,472.95,1361.14,3690.88,2450.60,288.89,931.18,679.02,364.30,417.26,942.53,726.16,6942.79,594.15,9795.46,435.30,405.22,565.04,499.61,364.38,1792.37,280.74,2520.54,652.82,826.31,759.82,479.97,729.18,1160.79,619.06,1381.98,340.56,574.69,630.04
2020-04-13,778.46,372.91,516.20,489.41,615.16,1350.35,3745.38,1820.77,2783.10,986.46,1247.69,353.40,854.52,1728.66,1240.31,541.80,475.36,458.33,4509.89,521.52,1478.80,3892.56,2550.04,294.06,985.09,716.24,370.89,450.95,1000.53,751.96,7249.69,641.87,10130.53,461.11,435.48,596.69,524.72,377.98,1897.00,282.62,2814.68,676.42,982.73,809.90,504.74,749.11,1194.32,674.60,1399.62,353.30,589.66,645.62
2020-04-14,808.74,383.76,530.70,497.04,651.16,1394.24,3915.56,1991.37,2929.73,1015.06,1322.59,359.73,876.75,1824.57,1284.84,601.68,494.59,494.58,4617.62,548.41,1567.51,4080.32,2685.60,302.08,1033.64,764.88,375.60,482.05,1033.82,804.30,7725.64,671.46,10509.30,480.76,448.64,622.78,553.88,389.67,1998.19,288.88,3074.77,698.84,1118.75,835.15,533.17,765.56,1200.70,724.73,1421.39,385.97,611.50,645.62
2020-04-15,867.66,394.61,552.45,530.56,685.26,1453.76,4129.97,2082.36,3127.60,1057.59,1386.29,368.89,904.68,1930.21,1349.40,632.10,516.23,513.61,4710.54,575.31,1670.77,4334.59,2790.54,322.39,1125.05,798.99,380.31,515.22,1058.53,839.69,7973.27,708.21,11110.82,493.37,480.21,666.50,573.92,396.83,2092.91,304.84,3337.70,719.10,1323.91,866.17,561.15,806.36,1211.88,763.35,1434.00,401.48,640.05,678.51
2020-04-16,901.01,404.10,590.38,537.52,711.43,1523.12,4445.98,2145.43,3345.41,1095.43,1487.15,376.63,917.22,2019.77,1437.41,678.36,547.83,543.59,4835.22,594.74,1795.72,4662.46,2913.19,340.75,1213.45,834.25,390.66,567.05,1094.45,892.77,8454.49,762.14,11552.48,526.12,517.05,719.79,597.76,414.25,2210.81,326.43,3629.95,773.19,1486.00,897.64,589.79,850.02,1226.25,809.02,1483.63,409.23,666.54,680.24
2020-04-17,935.38,416.31,628.45,562.41,743.18,1588.43,4704.89,2401.85,3524.78,1161.77,1583.54,385.08,943.45,2164.26,1529.47,738.88,594.88,564.41,4960.97,617.90,1926.45,4984.24,2996.62,369.08,1270.04,862.33,397.25,630.29,1161.35,948.79,8808.08,816.54,11937.90,564.25,577.57,779.08,625.15,425.94,2351.91,334.26,3950.57,803.68,1599.35,948.74,631.70,889.88,1243.81,879.58,1523.30,429.72,695.79,694.09
2020-04-18,966.27,423.09,658.01,589.62,779.36,1656.20,4912.30,2624.15,3795.26,1196.47,1617.38,399.86,950.86,2288.66,1603.44,796.22,625.11,605.81,5060.11,632.84,2048.58,5269.66,3073.06,394.39,1330.64,900.52,401.01,698.71,1194.97,989.34,9139.57,858.06,12308.84,591.32,694.67,874.46,651.77,440.02,2478.48,349.90,4247.55,835.15,1746.70,978.43,659.43,930.69,1282.14,945.44,1572.54,456.85,722.28,713.13
2020-04-19,1003.10,429.87,687.29,590.94,797.43,1708.35,5027.62,2624.15,3976.06,1235.06,1674.89,404.09,953.14,2382.61,1688.76,923.60,651.55,662.43,5134.79,647.79,2133.48,5516.69,3136.18,419.88,1431.09,925.01,407.60,763.50,1222.65,1026.20,9575.22,880.49,12626.05,625.31,769.66,992.52,659.13,455.77,2576.08,379.64,4450.90,860.91,1853.25,1007.97,677.34,971.50,1296.51,1002.15,1574.40,492.85,747.56,730.44
2020-04-20,1038.90,432.58,706.11,653.99,856.03,1774.36,5546.28,2838.17,4166.81,1269.99,1753.60,406.90,989.62,2472.95,1760.94,1005.97,697.23,682.57,5262.47,653.76,2275.47,5743.57,3194.20,440.19,1510.78,947.86,407.60,853.17,1262.20,1066.75,9968.66,940.62,12875.11,651.41,824.92,1105.19,679.67,466.75,2655.18,391.84,4814.08,873.11,1909.92,1033.09,698.04,1016.42,1302.89,1055.33,1626.28,502.82,773.88,737.36
2020-04-21,1089.84,443.43,732.19,750.54,906.13,1834.23,5698.83,3030.49,4410.25,1308.07,1824.14,408.31,1006.72,2594.68,1825.20,1153.62,726.08,714.57,5333.50,663.48,2360.03,5969.01,3294.95,457.48,1579.09,969.73,411.37,894.64,1297.46,1099.19,10370.63,988.82,13096.37,669.42,847.28,1174.14,711.88,477.72,2762.85,286.37,5201.86,906.35,1989.27,1080.80,729.88,1044.26,1306.09,1130.47,1646.85,514.44,794.69,765.05
2020-04-22,1147.74,451.56,761.19,793.68,949.84,1909.91,6289.14,3308.62,4563.99,1328.73,1910.65,412.53,1027.24,2755.50,1879.14,1192.59,786.88,754.86,5432.86,677.67,2456.18,6221.83,3398.69,484.92,1638.69,1001.72,413.25,946.47,1344.92,1170.70,10761.05,1054.68,13385.95,695.33,893.33,1207.67,733.94,491.32,2870.53,286.37,5524.37,936.44,2106.01,1134.56,758.45,1091.71,1314.07,1205.14,1672.86,519.98,833.40,773.71
2020-04-23,1193.16,454.28,804.42,862.36,999.42,1977.33,6465.76,3420.28,4784.65,1391.59,1987.27,415.35,1046.63,2898.89,1971.94,1248.04,901.94,794.02,5536.08,700.09,2615.54,6667.92,3526.74,524.31,1725.41,1031.76,416.08,1135.15,1386.77,1231.15,11223.97,1135.33,13710.43,732.69,932.80,1257.03,765.14,507.55,2993.19,384.96,5916.87,967.13,2217.10,1206.65,791.10,1145.49,1317.26,1291.31,1722.63,543.24,869.00,784.09
2020-04-24,1232.85,456.99,842.90,932.37,1045.78,2151.67,6695.56,3558.83,5022.39,1433.14,2050.96,418.87,1066.01,3112.61,2069.37,1412.80,976.13,845.72,5622.13,721.01,2762.50,7384.51,3664.30,567.62,1819.50,1081.38,417.96,1282.35,1449.38,1268.01,11471.71,1204.53,14134.43,775.45,984.11,1297.67,791.26,519.48,3146.55,399.35,6335.86,997.22,2312.31,1272.97,823.99,1196.42,1320.46,1361.29,1751.29,559.30,921.29,818.71
2020-04-25,1271.11,456.99,875.67,965.22,1076.67,2276.68,6880.58,3697.38,5265.82,1447.51,2112.75,420.28,1075.70,3278.92,2176.82,1618.75,1061.65,873.91,5701.96,739.69,2952.98,7729.19,3731.72,614.13,1914.60,1114.18,418.90,1502.12,1495.85,1321.82,11845.18,1270.38,14681.09,823.22,1056.47,1333.43,809.77,537.62,3250.24,409.06,6742.55,1033.22,2433.59,1317.28,853.39,1249.56,1346.00,1451.69,1800.12,567.61,978.23,825.64
2020-04-26,1313.66,459.70,909.97,995.74,1104.51,2359.73,7072.87,4170.93,5467.97,1479.86,2134.99,421.69,1081.40,3445.78,2269.47,1739.46,1098.40,911.74,5757.97,758.37,3088.68,7959.55,3801.85,641.93,1979.22,1142.10,421.72,1620.30,1528.48,1374.17,12239.74,1301.88,14988.79,850.38,1140.67,1365.59,824.99,551.46,3334.80,429.09,7035.75,1079.83,2508.40,1393.65,878.31,1304.29,1358.78,1522.60,1823.88,583.66,1016.76,868.91
2020-04-27,1337.80,465.12,936.47,1018.31,1142.86,2423.64,7276.64,4303.27,5540.57,1508.50,2208.19,422.39,1092.80,3601.19,2411.43,1859.23,1170.19,927.85,5817.84,764.34,3239.27,8180.35,3847.27,680.07,2040.50,1170.50,422.67,1807.42,1551.55,1428.72,12481.09,1348.17,15197.41,870.12,1239.35,1396.56,831.84,561.72,3414.37,434.41,7290.16,1104.02,2545.81,1438.55,904.58,1340.04,1365.16,1588.93,1852.28,596.95,1046.00,900.06
2020-04-28,1380.97,473.26,968.82,1037.55,1177.29,2500.02,7364.81,4730.29,5685.77,1541.74,2244.12,423.80,1112.75,3775.35,2507.97,2020.19,1236.82,979.10,5864.62,777.04,3342.87,8446.93,3948.51,745.12,2123.53,1192.53,424.55,1872.73,1585.82,1481.80,12780.57,1419.76,15365.51,921.45,1303.82,1434.54,864.81,569.12,3538.91,438.16,7496.35,1128.02,2622.88,1473.26,936.11,1373.89,1376.34,1683.32,1879.75,606.92,1081.78,927.76
2020-04-29,1416.77,478.68,1004.23,1064.10,1236.29,2577.44,7492.17,4813.01,5845.21,1558.03,2310.00,425.91,1130.99,3952.18,2601.51,2168.15,1308.95,1015.58,5944.88,789.00,3465.66,8731.34,4045.95,827.63,2199.54,1212.12,424.55,2009.05,1626.03,1514.24,13050.88,1533.34,15606.94,957.95,1359.07,1480.22,880.78,583.67,3606.68,458.51,7799.95,1156.74,2692.03,1514.77,969.94,1423.24,1376.34,1756.46,1922.88,614.68,1121.51,941.60
2020-04-30,1446.03,478.68,1066.42,1088.65,1275.88,2669.97,7753.32,4894.69,6154.13,1581.41,2417.52,428.72,1149.24,4153.34,2704.62,2263.84,1478.62,1053.62,6018.05,818.14,3611.79,9012.41,4136.49,915.32,2281.91,1234.48,425.49,2245.41,1665.24,1582.06,13318.94,1627.83,15847.54,1011.88,1403.81,1542.16,917.56,598.94,3765.42,481.04,8153.67,1198.83,2777.04,1551.84,1012.90,1477.96,1382.73,1860.36,1965.87,623.54,1178.97,967.57
2020-05-01,1492.27,490.89,1110.21,1098.27,1322.60,2749.68,8051.13,5084.93,6631.03,1630.10,2513.05,429.43,1160.07,4399.55,2830.45,2497.67,1549.03,1091.89,6170.42,839.06,3899.90,9317.53,4236.53,1021.18,2414.84,1279.70,425.49,2507.69,1729.84,1702.96,13603.83,1676.51,16046.04,1051.85,1456.43,1603.41,950.53,615.41,3885.67,492.31,8476.19,1230.89,2862.05,1740.17,1057.14,1527.63,1403.48,1984.22,2008.34,637.93,1258.09,979.68
2020-05-02,1557.12,492.24,1166.26,1118.84,1358.87,2829.92,8197.52,5209.01,6828.91,1664.61,2592.14,430.13,1174.89,4591.84,2933.26,2737.83,1670.27,1092.34,6262.48,860.73,4065.72,9600.34,4320.87,1109.93,2491.52,1330.95,427.37,2763.74,1776.30,1790.69,13887.49,1781.02,16279.33,1108.86,1516.95,1654.06,976.65,628.77,3987.72,549.27,8785.46,1276.33,2932.33,1828.06,1095.16,1575.71,1414.66,2081.67,2041.38,656.21,1317.61,1002.19
2020-05-03,1613.79,496.31,1204.74,1138.42,1392.22,2901.73,8197.52,5384.78,7140.67,1693.48,2625.42,430.13,1173.75,4826.83,3028.60,2905.13,1778.12,1168.87,6305.39,885.38,4230.05,9864.61,4382.09,1187.45,2528.02,1379.92,427.37,2947.23,1803.66,1856.31,14227.28,1837.33,16468.61,1123.69,1566.95,1703.59,1007.33,639.51,4066.43,565.23,8963.27,1303.27,2981.07,1901.18,1125.33,1637.09,1432.22,2192.03,2115.69,662.30,1369.90,1014.30
2020-05-04,1659.62,499.03,1243.65,1151.03,1424.10,2949.49,8389.54,5467.49,7359.90,1731.93,2695.00,430.84,1200.54,5010.56,3116.46,3074.32,1849.56,1201.77,6383.29,900.33,4386.93,10009.49,4401.40,1289.21,2637.51,1432.48,429.26,3173.74,1854.41,1907.91,14398.46,1923.23,16597.77,1143.24,1611.68,1751.50,1025.59,658.36,4137.72,586.83,9128.78,1329.04,3023.00,1962.04,1154.42,1684.85,1440.21,2288.42,2129.49,678.36,1416.69,1031.61
2020-05-05,1726.11,500.38,1297.47,1169.61,1487.67,3029.73,8570.91,5553.31,7576.29,1757.38,2745.00,432.95,1212.51,5171.38,3201.34,3203.59,1932.68,1302.93,6452.61,916.02,4504.10,10181.03,4440.91,1399.17,2748.01,1455.82,429.26,3339.09,1866.93,1943.30,14659.34,1974.30,16715.56,1182.92,1665.62,1793.84,1046.64,677.45,4213.85,602.16,9394.55,1345.56,3083.08,2002.21,1194.56,1723.76,1448.19,2378.11,2154.31,688.33,1473.45,1045.46
2020-05-06,1778.07,501.74,1353.52,1198.15,1536.69,3111.19,8675.60,5974.12,7774.16,1783.81,2825.62,433.65,1230.18,5349.94,3330.31,3296.43,2024.04,1330.68,6539.09,936.94,4677.20,10435.16,4509.74,1528.91,2820.66,1495.81,429.26,3509.62,1892.97,2020.70,14804.93,2047.31,16856.08,1231.07,1740.61,1845.77,1065.41,695.82,4293.65,615.93,9651.81,1364.25,3149.95,2029.10,1234.80,1773.11,1449.79,2378.11,2239.11,707.15,1531.07,1092.19
2020-05-07,1850.70,505.81,1386.71,1225.68,1579.52,3206.71,8896.44,6140.59,8048.91,1822.59,2901.67,435.76,1241.59,5556.99,3428.34,3503.96,2143.22,1381.48,6593.38,993.72,4877.94,10680.88,4566.17,1668.81,2908.39,1535.80,429.26,3726.80,1930.54,2095.90,15000.81,2143.71,17036.51,1293.48,1803.76,1893.25,1098.13,713.24,4384.22,635.65,9959.19,1404.76,3292.77,2083.90,1278.04,1810.76,1462.56,2532.38,2280.78,718.78,1585.09,1099.12
2020-05-08,1920.06,509.87,1467.72,1243.27,1633.49,3286.59,9071.94,6289.48,8397.69,1840.01,2955.38,435.76,1256.98,5783.50,3529.65,3630.06,2318.73,1409.45,6636.94,1026.60,5062.62,10914.43,4633.79,1797.66,3043.67,1562.57,431.14,4058.53,1958.22,2172.57,15204.99,2230.09,17183.52,1336.62,1874.81,1969.13,1121.97,732.09,4489.79,674.77,10194.69,1449.02,3563.68,2108.71,1321.97,1872.45,1467.35,2623.01,2319.26,733.18,1649.59,1114.69
2020-05-09,1977.96,511.23,1528.24,1243.27,1689.31,3382.81,9232.32,6490.06,8686.68,1877.67,2992.64,436.47,1271.23,5965.59,3622.15,3697.87,2377.81,1447.72,6757.54,1052.00,5235.72,11118.71,4675.41,1922.77,3140.10,1589.34,431.14,4267.42,1992.49,2219.75,15388.08,2280.20,17322.45,1385.55,1926.12,2027.21,1138.70,754.05,4580.36,680.09,10393.31,1481.28,3845.91,2167.65,1353.54,1930.65,1470.54,2723.28,2339.43,746.47,1709.62,1130.27
2020-05-10,2023.17,512.59,1550.41,1331.20,1720.33,3440.40,9391.87,6665.83,8928.69,1905.60,3067.36,437.17,1272.37,6095.40,3681.03,3789.12,2419.71,1451.53,6796.81,1072.92,5410.31,11270.84,4713.53,2008.49,3181.28,1616.92,431.14,4316.66,2016.88,2263.98,15550.51,2320.77,17431.86,1423.68,1961.64,2060.49,1163.81,770.27,4687.81,687.92,10662.86,1505.27,3986.47,2224.52,1394.93,1977.47,1478.53,2827.18,2359.60,754.78,1757.78,1145.85
2020-05-11,2079.43,515.30,1586.80,1341.48,1757.31,3475.16,9450.93,6787.84,9095.24,1923.72,3084.56,438.58,1288.90,6210.07,3755.90,3920.29,2459.55,1501.66,6841.45,1092.35,5541.05,11367.76,4754.54,2102.59,3239.21,1636.35,432.08,4444.69,2027.42,2329.60,15709.12,2419.08,17514.24,1451.23,1997.17,2120.29,1169.90,784.11,4728.41,706.07,10829.32,1532.61,4096.41,2278.14,1428.06,2013.22,1478.53,2943.29,2411.49,758.65,1792.01,1157.97
2020-05-12,2140.81,519.37,1636.44,1381.63,1798.67,3529.59,9609.91,6969.81,9231.91,1967.90,3166.60,439.28,1307.71,6527.55,3836.89,4091.07,2525.15,1567.23,6891.88,1103.55,5655.40,11493.81,4796.56,2226.45,3317.56,1652.51,433.96,4526.07,2079.82,2387.84,15798.70,2487.32,17587.83,1483.30,2066.90,2160.67,1199.82,801.53,4794.78,719.53,10984.43,1559.17,4151.95,2330.42,1475.45,2041.69,1480.12,3028.99,2439.36,763.64,1826.25,1168.35
2020-05-13,2189.09,519.37,1697.80,1405.52,1850.95,3589.11,9756.02,7187.97,9372.84,1990.39,3219.36,441.40,1325.38,6661.44,3891.88,4210.52,2593.85,1589.38,7023.21,1131.95,5780.01,11662.60,4832.67,2301.83,3378.50,1692.50,434.90,4702.30,2136.18,2432.07,15890.41,2559.86,17696.46,1526.44,2166.89,2200.87,1230.51,815.14,4856.23,728.92,11193.45,1579.43,4230.17,2401.92,1526.80,2095.47,1483.32,3140.06,2453.95,778.03,1875.44,1190.85
2020-05-14,2271.13,524.79,1767.24,1448.66,1894.66,3654.25,9926.48,7468.17,9589.23,2028.33,3272.22,441.40,1340.78,6913.15,3979.00,4332.82,2633.69,1655.40,7200.68,1169.30,5961.06,11906.73,4950.92,2395.75,3510.09,1712.25,434.90,4878.02,2176.38,2493.26,16018.82,2626.19,17817.43,1598.00,2252.40,2255.28,1258.41,830.17,4931.50,759.59,11364.64,1610.70,4298.17,2450.22,1573.73,2138.49,1488.11,3265.32,2502.92,794.65,1940.29,1213.35
2020-05-15,2326.78,526.15,1836.26,1480.84,1946.94,3723.42,10100.30,7623.26,9781.41,2071.90,3350.17,442.10,1361.87,7105.21,4076.73,4451.32,2749.78,1695.91,7275.36,1197.70,6140.45,12086.24,5000.24,2537.79,3616.57,1724.82,438.67,5062.02,2218.90,2553.71,16153.64,2702.07,17958.61,1655.49,2316.87,2306.01,1289.85,844.96,5011.14,795.58,11556.63,1653.58,4405.86,2498.81,1637.07,2192.27,1489.70,3366.17,2538.75,801.85,2039.02,1239.32
2020-05-16,2388.36,531.57,1900.68,1519.00,1995.42,3793.13,10273.28,7803.17,10024.84,2103.49,3389.43,442.80,1378.97,7273.25,4172.07,4539.72,2767.98,1739.55,7335.44,1231.32,6302.30,12305.30,5043.66,2667.71,3724.39,1761.87,440.55,5297.35,2244.27,2621.53,16286.54,2790.36,18070.42,1734.37,2431.33,2350.50,1328.15,861.91,5093.13,810.29,11759.98,1703.54,4487.47,2541.21,1667.70,2235.93,1491.30,3484.87,2565.96,814.03,2127.44,1282.59
2020-05-17,2408.21,536.99,1943.35,1579.06,2031.65,3846.68,10473.69,7930.35,10140.15,2139.97,3417.85,443.51,1380.11,7405.97,4246.79,4642.06,2770.39,1744.02,7403.04,1260.46,6440.81,12461.34,5107.49,2793.89,3782.32,1806.76,440.55,5363.69,2285.47,2651.02,16426.30,2833.79,18167.70,1785.22,2499.75,2388.91,1346.66,864.53,5133.50,828.13,11986.97,1734.02,4519.20,2568.83,1701.21,2289.71,1500.88,3567.64,2589.58,826.21,2162.36,1305.09
2020-05-18,2472.65,541.06,1975.84,1596.97,2071.51,3893.21,10668.79,8136.10,10349.42,2180.07,3482.49,443.51,1399.49,7595.75,4318.22,4738.38,2898.50,1799.52,7474.71,1279.88,6600.01,12612.30,5187.42,2917.75,3827.85,1832.22,442.43,5507.27,2326.33,2692.31,16617.69,2909.19,18231.20,1841.46,2540.53,2434.25,1368.98,879.80,5206.19,848.16,12101.41,1758.81,4564.54,2624.37,1734.66,2335.89,1500.88,3655.92,2621.69,831.75,2188.33,1325.86
2020-05-19,2531.98,541.06,2031.05,1633.47,2123.04,3942.37,10756.68,8309.80,10582.88,2203.64,3537.63,444.21,1411.46,7715.04,4393.68,4846.42,2915.33,1836.23,7545.31,1300.80,6894.91,12738.79,5235.84,3036.44,3918.93,1855.72,443.38,5621.82,2362.58,2743.17,16727.02,2955.00,18306.89,1903.19,2623.42,2476.85,1392.06,889.11,5263.03,877.89,12248.95,1781.23,4630.29,2703.25,1779.68,2382.08,1507.27,3773.91,2652.48,838.39,2236.32,1343.17
2020-05-20,2670.28,545.13,2077.21,1660.02,2177.24,3997.67,10920.98,8472.13,10749.44,2228.38,3627.75,445.62,1428.56,7904.59,4480.95,5027.65,2974.75,1865.54,7604.97,1359.08,7023.66,12890.19,5300.97,3150.67,4006.99,1878.74,449.96,5763.33,2406.08,2851.54,16882.60,3024.68,18382.52,1947.39,2756.30,2518.26,1402.96,907.01,5321.36,896.98,12632.00,1804.64,4734.57,2737.66,1824.59,2441.23,1507.27,3863.49,2668.67,867.74,2334.88,1362.21
2020-05-21,2744.34,545.13,2135.49,1810.99,2236.97,4066.50,10974.44,8670.65,11086.83,2284.91,3704.46,448.44,1444.53,8083.69,4583.62,5123.34,3012.53,1896.65,7859.91,1402.42,7222.74,13051.59,5348.99,3245.13,4092.37,1902.73,450.91,5920.90,2440.03,2900.94,17003.05,3088.63,18488.85,2016.06,2932.60,2580.79,1440.50,910.82,5407.33,911.69,12835.34,1844.76,4734.57,2802.06,1861.94,2491.53,1516.85,4007.78,2691.23,887.68,2402.48,1386.44
2020-05-22,2796.72,547.84,2176.35,1862.09,2295.44,4118.29,11095.36,8818.50,11236.31,2321.34,3777.18,444.92,1479.30,8296.78,4657.14,5231.07,3114.54,1944.32,7950.25,1455.46,7370.69,13168.22,5388.70,3388.59,4226.98,1925.58,450.91,6044.26,2481.88,2959.18,17143.03,3161.65,18574.72,2086.07,3048.38,2634.43,1483.36,922.04,5489.55,948.31,12991.40,1895.70,4937.46,2860.26,1894.27,2548.79,1520.04,4103.23,2723.87,944.16,2503.97,1389.91
2020-05-23,2894.72,554.62,2236.59,1916.17,2346.36,4201.87,11202.28,8984.97,11340.23,2353.08,3841.26,445.62,1496.97,8484.37,4733.20,5354.00,3132.06,1972.07,7975.36,1504.03,7547.60,13280.21,5432.62,3538.29,4354.55,1945.99,450.91,6213.76,2560.32,3014.47,17186.24,3242.77,18664.47,2189.12,3111.53,2686.87,1511.51,927.77,5551.78,970.22,13195.69,1946.25,5064.41,2919.49,1931.97,2613.01,1523.23,4197.03,2752.27,957.45,2577.59,1407.21
2020-05-24,2962.03,554.62,2278.28,1964.94,2395.10,4238.39,11327.12,9108.01,11545.22,2387.82,3896.49,445.62,1510.65,8675.95,4804.48,5523.83,3137.55,1978.78,8002.83,1535.41,7764.55,13426.98,5463.83,3668.03,4437.26,1977.33,450.91,6288.91,2598.87,3058.70,17304.11,3313.40,18746.40,2237.27,3181.26,2729.90,1531.04,937.07,5595.04,998.07,13302.56,1985.79,5172.09,2971.34,1952.84,2654.77,1526.43,4255.15,2785.32,980.71,2642.44,1407.21
2020-05-25,3065.96,558.69,2309.23,2000.45,2452.58,4258.75,11440.48,9269.30,11708.94,2429.09,3936.89,445.62,1518.63,8809.93,4854.99,5585.29,3184.61,1991.54,8136.52,1549.61,7902.74,13513.33,5483.84,3800.27,4506.23,2007.03,450.91,6403.46,2622.93,3094.09,17409.40,3353.01,18811.84,2311.04,3232.57,2778.32,1544.48,942.32,5649.70,1020.30,13302.56,2001.92,5198.16,3032.93,1968.17,2695.58,1536.01,4429.26,2821.94,986.80,2691.29,1459.14
2020-05-26,3201.80,564.12,2340.19,2050.55,2526.07,4310.90,11560.84,9373.73,11864.11,2452.99,3998.87,445.62,1538.59,8907.09,4909.83,5702.84,3212.08,2053.31,8208.62,1575.76,7991.44,13574.47,5506.25,3915.22,4597.64,2030.05,450.91,6540.30,2655.89,3119.15,17484.83,3402.65,18865.27,2329.44,3186.52,2823.57,1556.40,946.86,5690.06,1040.33,13439.70,2048.73,5274.10,3096.01,2005.90,2727.53,1543.99,4618.86,2858.17,1026.67,2738.94,1471.26
2020-05-27,3279.96,565.47,2406.98,2082.74,2575.34,4349.88,11556.64,9404.75,11966.60,2470.78,4060.37,446.32,1556.83,8995.47,4967.51,5844.47,3246.77,2084.19,8303.47,1596.68,8115.88,13650.82,5556.67,4005.22,4702.45,2060.57,452.79,6725.35,2685.88,3159.70,17581.82,3460.87,18923.19,2387.13,3212.83,2860.62,1579.73,964.28,5750.42,1063.17,13574.95,2089.44,5338.71,3155.09,2059.28,2755.37,1550.38,4725.34,2896.26,1051.59,2849.37,1488.57
2020-05-28,3381.84,583.10,2476.84,2169.34,2630.91,4409.75,11632.49,9482.29,12089.03,2501.35,4122.16,448.44,1579.06,9114.45,5063.60,5916.08,3267.38,2128.28,8349.18,1635.53,8329.70,13748.62,5596.69,4091.30,4812.27,2091.75,456.55,6873.07,2717.84,3235.63,17715.06,3514.32,19013.15,2466.96,3268.09,2901.34,1590.13,975.25,5802.42,1091.03,13708.31,2121.90,5432.79,3214.62,2119.03,2832.24,1555.17,4860.59,2931.56,1071.53,2960.49,1516.26
2020-05-29,3484.34,591.24,2574.72,2248.64,2706.04,4495.08,11689.31,9549.50,12154.52,2558.25,4172.07,449.84,1598.44,9245.21,5140.41,6026.02,3374.89,2168.11,8349.18,1663.17,8544.33,13838.01,5661.21,4195.37,4952.24,2113.62,464.09,7077.30,2760.03,3311.57,17830.57,3575.88,19092.42,2574.73,3319.40,2957.03,1607.37,986.23,5861.84,1141.42,13841.66,2189.36,5515.54,3279.02,2162.68,2936.31,1556.76,4993.49,2969.51,1092.02,3059.05,1542.22
2020-05-30,3551.44,598.02,2684.88,2326.94,2783.32,4579.70,11762.09,9741.81,12409.34,2601.77,4214.66,451.25,1618.96,9362.63,5239.78,6126.46,3382.10,2212.65,8515.49,1705.02,8714.95,13952.32,5687.12,4312.82,5099.23,2141.21,475.38,7207.40,2807.48,3350.64,17916.33,3638.40,19162.16,2673.54,3364.13,2997.06,1627.66,998.64,5917.75,1163.64,14015.69,2241.09,5622.08,3349.48,2208.78,3021.41,1559.96,5120.05,3001.49,1101.43,3139.04,1554.34
2020-05-31,3672.76,635.99,2779.84,2406.58,2859.52,4628.87,11812.19,9820.39,12528.92,2636.47,4282.63,451.96,1627.52,9464.50,5294.33,6216.76,3392.75,2223.84,8588.24,1737.14,8846.35,14048.52,5737.84,4430.44,5190.30,2170.42,484.79,7308.99,2843.40,3428.78,18010.29,3669.42,19218.66,2762.62,3394.39,3038.04,1649.98,1012.48,5951.25,1181.79,14118.78,2332.95,5659.49,3372.52,2263.76,3109.36,1566.34,5236.99,3027.50,1113.06,3168.11,1562.99
2020-06-01,3791.83,645.48,2805.91,2469.62,2923.45,4663.81,11963.06,9931.03,12608.64,2667.78,4349.74,451.96,1657.73,9549.11,5332.43,6269.99,3470.03,2271.51,8680.73,1755.08,8942.17,14604.87,5845.89,4494.24,5274.35,2207.31,488.56,7435.46,2867.46,3453.85,18063.38,3722.39,19267.01,2828.30,3457.54,3078.33,1666.97,1026.79,5991.54,1212.15,14178.37,2389.40,5705.96,3433.08,2302.33,3171.68,1569.54,5329.85,3088.28,1123.03,3191.84,1575.11
2020-06-02,3840.32,673.95,2963.06,2594.05,2985.08,4700.85,12029.96,10013.74,12649.92,2696.75,4378.83,452.66,1673.12,9672.96,5398.93,6342.23,3483.77,2302.17,8767.64,1776.00,9073.90,14656.74,5870.40,4547.71,5364.08,2256.12,492.33,7573.34,2919.20,3501.03,18133.76,3829.29,19336.66,2894.17,3485.17,3109.64,1697.15,1035.15,6036.90,1231.55,14292.81,2441.91,5742.23,3618.61,2368.00,3238.42,1577.52,5428.59,3132.87,1138.53,3259.44,1578.57
2020-06-03,3856.69,699.72,3101.80,2676.67,3043.88,4748.61,12061.30,10041.66,12834.99,2758.59,4440.43,452.66,1704.47,9754.20,5470.66,6455.98,3531.16,2346.48,8850.69,1806.63,9203.97,14718.89,5901.41,4612.40,5465.21,2288.44,494.21,7705.51,2949.52,3534.94,18192.47,3884.65,19390.03,2986.72,3528.59,3147.46,1725.81,1049.70,6080.32,1259.09,14394.01,2488.33,5849.92,3696.30,2423.05,3339.97,1580.71,5506.78,3155.16,1150.16,3373.83,1583.77
2020-06-04,3901.90,734.98,3181.70,2795.45,3107.34,4801.28,12102.73,10076.81,12983.04,2825.21,4518.10,453.36,1740.96,9822.48,5529.84,6635.63,3548.68,2412.72,8942.75,1827.55,9348.44,14787.13,5923.92,4684.22,5544.90,2331.86,505.50,7835.61,3004.89,3594.66,18244.33,3986.30,19443.91,3108.36,3564.11,3189.37,1751.68,1067.84,6123.81,1410.89,14494.26,2557.96,5947.39,3748.00,2485.21,3434.87,1638.20,5618.43,3184.75,1164.01,3453.13,1594.15
2020-06-05,3966.35,766.17,3397.96,2870.44,3198.17,4846.05,12164.59,10104.73,13095.50,2886.48,4589.58,459.70,1773.45,9914.15,5603.66,6758.88,3603.98,2473.14,9034.38,1854.45,9500.20,14858.71,6377.01,4810.22,5614.88,2369.23,507.39,7971.42,3066.84,3651.42,18334.81,4138.53,19497.23,3218.24,3615.42,3230.09,1776.28,1094.09,6161.29,1445.94,14603.97,2646.08,5981.40,3810.78,2554.64,3588.62,1639.79,5697.79,3257.34,1173.42,3513.68,1614.92
2020-06-06,4100.56,785.15,3558.04,3019.75,3264.83,4886.96,12264.79,10179.17,13195.15,2946.10,4652.61,465.33,1789.41,9987.46,5667.77,6820.66,3612.22,2542.07,9141.03,1885.83,9614.71,14942.01,6422.22,4903.07,5703.61,2392.74,508.33,8056.42,3128.80,3700.08,18397.33,4199.62,19552.65,3352.30,3708.83,3260.29,1790.48,1114.85,6208.06,1538.27,14603.97,2737.15,6083.41,3893.49,2615.76,3753.75,1670.13,5799.35,3286.67,1182.83,3560.81,1625.31
2020-06-07,4194.06,797.36,3754.23,3127.59,3336.88,4913.82,12306.78,10279.46,13284.84,3001.50,4693.30,466.74,1797.39,10051.74,5727.54,6905.26,3623.21,2549.68,9211.85,1920.20,9696.46,14986.06,6464.14,4971.68,5782.63,2445.95,513.04,8103.59,3187.79,3717.77,18427.75,4266.43,19592.41,3434.54,3768.04,3291.52,1813.56,1147.54,6246.63,1560.18,14603.97,2809.92,6163.89,3960.26,2646.10,3822.71,1697.27,5950.09,3326.08,1187.26,3603.64,1639.15
2020-06-08,4281.00,823.12,3870.94,3231.77,3394.77,4945.78,12341.49,10310.48,13365.98,3046.86,4752.61,467.44,1822.47,10167.35,5761.16,7005.70,3683.32,2618.61,9262.49,1933.65,9767.79,15013.58,6493.75,5031.92,5949.38,2474.35,515.86,8164.75,3234.59,3744.31,18465.13,4324.65,19628.85,3522.95,3793.04,3322.40,1827.51,1175.69,6280.29,1579.27,14794.08,2911.02,6201.30,4020.23,2694.11,3915.72,1716.43,6017.01,3396.28,1196.68,3639.93,1661.66
2020-06-09,4382.69,840.75,3959.48,3344.59,3469.55,4974.57,12365.84,10360.11,13486.98,3098.31,4826.19,471.67,1839.01,10228.41,5825.72,7056.39,3704.61,2661.13,9383.09,1947.10,9853.68,15051.69,6521.66,5085.21,6063.56,2513.04,521.51,8235.25,3310.71,3783.38,18498.70,4345.17,19664.15,3601.15,3820.67,3350.20,1867.58,1199.56,6321.83,1622.77,14840.42,2995.20,6260.24,4115.95,2761.88,3998.29,1730.80,6074.19,3423.22,1206.65,3687.06,1678.96
2020-06-10,4498.69,870.58,4180.49,3440.15,3542.71,5001.09,12412.86,10397.33,13576.67,3162.68,4892.35,473.78,1859.53,10272.99,5872.34,7202.77,3754.42,2692.01,9472.79,1970.26,9948.17,15090.37,6540.37,5150.43,6188.79,2556.46,528.10,8306.26,3366.74,3817.29,18560.43,4414.37,19698.13,3688.98,3873.29,3385.53,1896.99,1216.74,6356.65,1667.84,14901.90,3099.65,6352.05,4191.87,2848.98,4106.79,1748.37,6125.73,3442.33,1214.40,4143.93,1696.27
2020-06-11,4673.81,903.13,4395.78,3588.79,3632.96,5027.07,12444.77,10449.03,13650.70,3242.40,4974.77,478.71,1882.90,10339.08,5934.66,7320.01,3772.62,2714.17,9567.64,1992.67,10065.50,15164.41,6565.38,5230.10,6188.79,2599.22,529.98,8456.58,3448.47,3840.15,18613.19,4470.69,19735.18,3826.70,3924.60,3422.23,1934.02,1253.25,6398.35,1675.04,15002.15,3233.79,6421.19,4249.03,2918.70,4228.27,1772.32,6180.90,3473.12,1227.69,4198.97,1746.47
2020-06-12,4850.78,932.96,4624.74,3831.34,3723.36,5057.80,12508.59,10518.31,13743.23,3331.70,5057.38,488.56,1911.97,10398.57,5994.43,7431.53,3830.32,2764.30,9679.87,2033.02,10138.15,15221.20,6590.79,5315.46,6392.37,2629.74,539.39,8559.20,3527.56,3871.11,18652.26,4546.09,19777.19,3993.50,3971.97,3458.16,1990.32,1285.70,6447.85,1732.62,15082.54,3377.18,6508.47,4315.80,2997.40,4327.92,1786.69,6247.12,3526.73,1245.41,4254.36,1777.63
2020-06-13,5033.07,979.07,4848.68,4013.17,3802.96,5092.03,12593.96,10576.21,13821.53,3452.88,5150.26,500.53,1937.63,10447.86,6057.34,7538.31,3845.09,2820.92,9956.27,2059.92,10249.53,15269.88,6605.10,5382.65,6478.42,2665.00,553.51,8621.92,3622.47,3906.50,18701.76,4591.42,19823.86,4132.57,4027.22,3494.44,2047.38,1322.69,6479.86,1780.82,15082.54,3531.58,6611.62,4374.59,3070.19,4448.13,1796.27,6324.37,3572.38,1259.25,4304.76,1817.44
2020-06-14,5240.52,995.34,5013.21,4147.89,3866.64,5111.87,12620.27,10612.39,13904.09,3547.53,5216.42,504.05,1945.61,10495.11,6112.04,7591.22,3862.95,2831.44,10028.37,2086.81,10314.56,15300.02,6627.31,5435.93,6534.67,2674.30,565.75,8674.27,3690.69,3920.50,18732.74,4640.10,19859.37,4256.61,4056.17,3520.10,2087.46,1346.79,6504.30,1818.69,15082.54,3697.00,6685.29,4457.01,3119.73,4527.85,1799.46,6399.16,3600.91,1268.11,4353.09,1834.74
2020-06-15,5374.94,1000.76,5159.90,4285.92,3935.13,5141.55,12661.42,10690.97,13949.65,3630.07,5276.40,509.68,1979.24,10536.55,6189.89,7639.07,3955.34,2878.66,10146.83,2099.52,10368.35,15312.62,6632.91,5475.50,6629.43,2727.84,573.28,8739.07,3729.25,3940.41,18757.66,4698.32,19891.25,4358.50,4083.80,3556.71,2134.63,1391.41,6534.44,1843.42,15220.63,3812.06,6719.30,4570.89,3195.82,4668.30,1804.25,6443.77,3659.57,1285.83,4391.45,1867.63
2020-06-16,5505.87,1018.39,5479.63,4376.83,4022.82,5166.65,12693.33,10756.11,13976.70,3760.73,5352.17,512.50,2019.71,10585.13,6243.39,7687.54,3973.55,2886.71,10261.42,2106.24,10426.43,15340.87,6649.32,5509.18,6747.63,2763.43,577.99,8827.70,3846.90,3954.42,18793.92,4740.32,19923.49,4440.17,4114.06,3593.84,2192.45,1458.22,6564.89,1862.51,15287.78,3932.83,6762.37,4671.04,3343.79,4769.53,1804.25,6496.01,3708.93,1296.36,4442.88,1884.94
2020-06-17,5587.71,1052.29,5739.13,4514.53,4130.26,5207.21,12715.72,10798.50,14017.98,3883.27,5439.15,515.31,2071.59,10628.30,6281.64,7799.39,4053.23,2951.84,10460.56,2118.94,10519.27,15379.41,6672.13,5583.14,6911.37,2799.50,593.05,8928.78,3905.89,4007.50,18825.01,4803.31,19952.20,4540.04,4170.63,3629.09,2257.88,1487.81,6589.10,1878.78,15334.12,4043.17,6857.58,4743.27,3465.49,4891.96,1804.25,6548.14,3751.53,1315.74,4501.02,1928.21
2020-06-18,5770.61,1078.06,6097.76,4621.37,4225.16,5247.24,12718.80,10855.37,14097.70,4033.84,5517.39,527.99,2134.30,10680.49,6347.99,7908.07,4082.42,2996.82,10623.66,2150.32,10564.62,15418.68,6700.74,5650.68,7038.94,2854.51,616.58,9026.74,4008.71,4017.82,18870.36,4845.31,19984.23,4663.69,4208.78,3688.97,2372.26,1524.80,6619.79,1912.58,15387.09,4238.29,6924.46,4815.95,3577.37,5066.27,1812.23,6602.50,3803.68,1338.99,4577.40,1980.14
2020-06-19,5933.46,1113.31,6541.59,4854.63,4318.90,5297.46,12751.55,10971.17,14167.46,4213.28,5619.77,546.99,2206.69,10746.11,6395.96,8055.40,4179.28,3050.08,10435.03,2176.47,10616.08,15451.71,6732.75,5714.13,7038.94,2902.17,626.94,9117.97,4127.68,4044.36,18914.03,4896.37,20024.86,4816.62,4252.20,3741.07,2461.53,1573.00,6659.45,1938.87,15451.40,4451.31,6980.00,4963.51,3739.20,5246.58,1826.60,6667.66,3854.38,1366.68,4629.34,2030.34
2020-06-20,6045.37,1145.86,6999.51,5024.18,4420.30,5325.90,12795.77,11043.55,14213.01,4403.38,5767.30,556.85,2283.65,10794.61,6445.87,8095.95,4196.46,3088.35,10621.72,2195.15,10684.76,15493.15,6774.87,5791.83,7038.94,2963.38,657.06,9178.09,4276.64,4067.95,18951.97,4977.50,20061.04,4973.22,4285.09,3786.49,2545.47,1594.48,6689.90,2022.75,15451.40,4678.48,7055.94,5055.09,3888.04,5432.59,1831.39,6743.97,3910.24,1384.40,4698.32,2040.72
2020-06-21,6141.94,1164.84,7343.64,5163.21,4520.23,5359.26,12806.97,11140.74,14264.26,4567.42,5845.63,564.59,2294.48,10843.19,6499.82,8244.23,4210.19,3114.98,10706.06,2209.35,10740.70,15511.26,6790.07,5872.56,7038.94,3028.18,674.95,9231.48,4361.99,4087.12,18986.54,5041.93,20095.07,5090.13,4333.77,3833.20,2666.70,1657.24,6716.92,2042.16,15451.40,4856.88,7137.55,5128.35,4002.74,5557.23,1850.55,6808.66,3954.17,1408.22,4747.17,2071.88
2020-06-22,6230.52,1178.40,7636.60,5336.41,4667.18,5388.23,12814.52,11187.27,14318.35,4704.80,5960.85,566.00,2432.44,10879.38,6531.65,8306.65,4319.42,3149.45,10805.20,2219.81,10790.18,15532.84,6817.18,5927.27,7462.51,3057.72,690.95,9307.68,4473.71,4097.44,19017.19,5103.49,20123.47,5185.09,4366.66,3895.57,2721.98,1697.80,6767.05,2054.36,15566.79,5055.15,7170.43,5207.53,4168.58,5705.28,1856.94,6863.95,4039.90,1423.72,4790.35,2129.00
2020-06-23,6362.07,1227.22,8142.76,5533.83,4829.46,5421.24,12847.27,11215.18,14369.60,4859.07,6138.80,568.11,2515.10,10931.73,6570.20,8386.81,4347.92,3205.40,11096.19,2236.99,10856.37,15566.02,6840.09,5970.40,7667.09,3125.46,699.42,9377.13,4632.89,4107.02,19053.00,5172.21,20154.07,5279.85,4375.87,3946.04,2796.80,1746.00,6815.23,2092.23,15636.78,5234.53,7201.03,5320.23,4345.57,5837.83,1858.54,6926.06,4084.35,1435.90,4848.49,2170.54
2020-06-24,6559.91,1255.70,8395.14,5765.10,4952.06,5467.24,12851.19,11258.61,14418.01,5117.81,6301.65,577.97,2650.77,10990.04,6613.99,8522.11,4502.83,3249.93,11285.46,2254.18,10911.32,15590.94,6873.91,6023.33,7843.22,3179.33,721.07,9444.00,4765.37,4126.92,19070.73,5244.75,20183.49,5418.25,4433.76,4000.11,2918.79,1780.60,6853.64,2134.48,15705.82,5487.08,7275.84,5438.99,4574.97,5983.67,1890.47,6987.11,4166.89,1455.84,4928.47,2219.00
2020-06-25,6793.55,1316.72,8826.01,5993.05,5091.71,5524.12,12873.86,11352.70,14462.14,5352.75,6444.81,588.53,2775.61,11061.46,6691.54,8676.41,4536.14,3310.58,11486.75,2293.78,10987.94,15623.68,6918.73,6087.49,8208.86,3276.94,755.90,9509.31,4914.00,4156.41,19312.97,5341.15,20221.26,5541.23,4475.86,4076.41,3029.87,1814.73,6889.17,2152.32,15737.98,5708.35,7343.85,5567.94,4765.65,6182.65,1901.65,7037.83,4246.25,1491.28,5023.42,2295.16
2020-06-26,6993.43,1357.40,9297.17,6218.01,5233.63,5579.78,12892.06,11390.95,14499.15,5772.58,6610.79,598.38,2935.23,11130.30,6764.77,8817.09,4715.43,3364.29,11777.31,2317.69,11038.74,15657.44,6950.14,6175.35,8393.02,3357.08,780.38,9601.57,5061.64,4180.74,19356.53,5444.23,20262.40,5706.39,4512.70,4160.85,3130.29,1910.89,6945.39,2166.41,15757.84,5966.61,7407.32,5731.45,4967.69,6395.86,1912.82,7111.09,4311.41,1511.21,5111.83,2367.86
2020-06-27,7177.56,1392.66,9781.85,6407.14,5345.52,5619.46,12933.20,11467.47,14543.28,6222.59,6755.66,602.61,3032.14,11187.12,6830.22,8935.90,4728.48,3432.32,11777.31,2356.54,11093.02,15711.48,6983.05,6249.67,8548.72,3412.91,802.03,9731.67,5404.71,4214.65,19388.97,5544.93,20298.06,5846.71,4561.38,4230.74,3206.12,1935.23,6980.52,2211.47,15757.84,6282.10,7510.47,5880.79,5178.73,6559.42,1916.02,7190.57,4383.33,1540.01,5200.76,2409.40
2020-06-28,7250.81,1437.41,10312.97,6575.70,5484.61,5669.32,12960.35,11607.05,14588.83,6623.07,6920.50,621.62,3159.83,11232.72,6884.61,9036.34,4814.01,3464.33,12092.12,2384.18,11147.30,15743.94,7007.06,6341.63,8671.94,3469.22,812.38,9796.46,5664.07,4236.77,19423.65,5635.60,20329.99,5988.09,4610.06,4303.80,3282.71,1992.02,7010.59,2249.97,15757.84,6553.73,7572.81,5900.29,5311.05,6692.28,1919.21,7247.98,4424.47,1567.70,5283.50,2452.67
2020-06-29,7605.56,1471.31,10402.35,6721.36,5662.58,5705.32,12976.87,11762.14,14651.47,6870.31,7112.14,622.32,3289.23,11293.00,6929.30,9148.50,5003.60,3503.94,12272.38,2405.10,11226.24,15758.57,7038.48,6397.23,8895.94,3549.85,865.10,9881.47,5922.44,4246.35,19433.76,5718.16,20350.00,6133.12,4667.95,4366.85,3340.54,2030.44,7070.55,2269.06,15855.26,6814.15,7612.48,6113.43,5531.21,6902.02,1928.79,7301.16,4516.70,1588.74,5350.07,2509.79
2020-06-30,7783.55,1535.04,11071.24,6893.90,5868.82,5740.96,13019.41,11863.47,14701.30,7156.38,7346.37,634.29,3491.03,11353.90,6984.59,9236.58,5024.55,3561.90,12489.97,2430.51,11278.37,15775.09,7087.90,6476.00,9123.63,3635.87,910.28,9948.85,6123.80,4262.57,19478.10,5796.91,20373.44,6265.83,4716.63,4430.41,3488.90,2074.83,7123.10,2336.35,15901.60,7159.34,7666.89,6324.22,5808.09,7074.74,1928.79,7371.37,4583.71,1608.12,5456.72,2573.84
2020-07-01,7971.16,1592.00,11733.99,7033.26,6061.22,5796.09,13035.65,11900.69,14755.39,7464.51,7565.87,639.92,3636.40,11422.97,7040.77,9384.23,5200.75,3606.21,12936.97,2461.14,11336.29,15812.90,7130.81,6549.96,9341.95,3688.11,956.41,10016.75,6311.31,4277.32,19507.39,5858.47,20405.57,6434.65,4767.94,4522.46,3578.93,2152.14,7172.92,2358.89,15939.43,7458.31,7737.17,6552.43,6091.11,7232.91,1931.98,7420.21,4678.86,1649.66,5557.17,2620.57
2020-07-02,8206.23,1659.80,12200.13,7324.58,6274.43,5852.80,13056.36,12129.19,14790.98,7939.12,7840.22,654.00,3812.55,11490.94,7106.08,9587.33,5229.60,3663.50,13233.75,2486.54,11421.18,15841.15,7188.24,6638.00,9633.25,3768.09,1019.48,10095.02,6548.59,4292.06,19555.66,5974.91,20450.20,6597.70,4823.20,4633.75,3687.22,2229.69,7238.43,2381.11,16022.66,7808.81,7813.11,6820.67,6350.11,7423.35,1959.13,7482.67,4766.85,1690.63,5655.05,2682.88
2020-07-03,8565.08,1741.16,12813.52,7506.08,6479.20,5900.56,13076.23,12327.71,14855.04,8384.58,8087.76,673.71,4009.79,11560.48,7187.67,9705.19,5500.59,3727.28,13604.57,2520.17,11488.54,15883.17,7233.55,6711.78,9939.29,3855.41,1061.84,10190.39,6880.46,4317.86,19598.99,6097.08,20497.22,6784.44,4908.71,4727.09,3820.62,2301.04,7294.26,2404.58,16069.95,8168.95,7909.46,7072.66,6599.51,7614.43,1973.50,7559.92,4832.67,1731.06,5773.56,2738.27
2020-07-04,8769.05,1815.75,13193.07,7700.85,6703.64,5952.00,13076.23,12403.18,14872.13,8922.54,8326.65,690.61,4236.10,11627.82,7266.72,9875.02,5552.11,3739.37,13604.57,2538.10,11538.52,15913.59,7273.17,6711.78,10270.78,3927.40,1098.55,10276.44,7141.79,4328.18,19631.66,6234.05,20534.32,6908.38,4983.71,4806.30,3967.71,2371.20,7333.61,2437.13,16069.95,8533.62,7966.13,7272.07,6818.62,7819.10,1976.69,7643.98,4883.36,1774.81,5890.19,2779.81
2020-07-05,8992.26,1859.14,13682.49,7901.59,6865.70,5987.12,13076.23,12539.66,14921.95,9394.80,8506.98,707.50,4445.88,11673.26,7352.64,10016.02,5594.70,3740.04,14020.24,2551.55,11577.08,15933.30,7305.68,6803.03,10346.46,3971.96,1140.92,10333.97,7420.93,4347.35,19673.08,6326.15,20561.75,7039.36,5032.38,4889.11,4039.48,2442.78,7371.17,2477.50,16069.95,8820.98,8005.80,7439.43,6972.97,7910.21,1994.26,7719.00,4972.14,1846.79,5977.40,2828.28
2020-07-06,9181.50,1899.82,14158.81,8047.25,7024.51,6025.04,13148.73,12710.27,14968.93,9692.28,8652.05,712.43,4687.02,11728.05,7405.99,10064.18,5867.07,3908.33,14256.51,2557.52,11666.44,15956.91,7343.30,6880.19,10465.99,4056.18,1175.75,10393.58,7556.70,4359.88,19696.54,6445.94,20588.15,7216.17,5075.80,4957.98,4149.55,2484.78,7432.38,2686.88,16069.95,9122.51,8053.41,7608.41,7293.96,8115.20,1997.45,7760.56,5111.34,1906.05,6075.10,2899.24
2020-07-07,9367.06,1929.65,14663.16,8133.19,7274.71,6095.45,13164.68,12835.37,15045.80,10037.22,8907.95,741.29,4892.24,11781.58,7450.67,10187.43,5892.83,3988.00,14671.96,2570.23,11747.36,15986.04,7404.12,6980.71,10786.43,4173.05,1249.17,10472.88,7859.24,4373.15,19726.51,6550.93,20618.34,7344.07,5135.01,5039.08,4367.15,2542.29,7494.77,2727.26,16224.11,9313.69,8119.15,7775.91,7635.89,8289.19,2002.24,7835.46,5183.80,1940.93,6163.86,2961.56
2020-07-08,9607.86,1996.10,15158.31,8376.73,7490.55,6177.61,13185.68,12885.00,15149.72,10506.20,9177.07,757.48,5132.80,11855.75,7517.92,10365.81,6116.08,4073.94,15077.11,2585.17,11824.98,16024.28,7469.05,7062.15,11012.11,4299.88,1290.59,10593.14,8033.90,4387.90,19754.80,6689.33,20653.70,7486.31,5229.73,5148.32,4537.82,2594.31,7559.66,2736.96,16271.40,9619.94,8208.70,8088.02,7982.62,8516.33,2005.43,7910.01,5263.16,2052.79,6282.89,3011.75
2020-07-09,10060.41,2062.55,15726.24,8644.16,7672.87,6251.18,13213.95,12956.34,15202.40,10925.70,9381.93,782.83,5471.42,11944.67,7595.63,10555.92,6193.02,4157.19,15472.61,2604.59,11921.29,16067.02,7527.78,7164.45,11247.50,4456.25,1380.02,10707.69,8257.01,4403.38,19780.73,6801.00,20683.79,7670.54,5359.98,5246.70,4690.75,2683.79,7623.45,2773.58,16308.29,9970.44,8315.24,8350.21,8362.70,8741.25,2030.98,7981.98,5357.11,2118.69,6426.00,3070.60
2020-07-10,10333.33,2141.20,16306.86,8893.35,7874.83,6357.58,13235.78,13081.45,15293.51,11462.48,9848.12,801.84,5742.19,12040.27,7705.91,10846.14,6456.80,4269.09,16039.56,2614.31,11998.41,16097.88,7590.20,7272.09,11592.72,4580.14,1499.57,10798.91,8555.59,4416.65,19820.91,6943.21,20724.22,7879.81,5470.50,5377.16,4841.90,2744.40,7696.85,2859.64,16373.55,10310.32,8388.92,8600.28,8708.43,9000.65,2038.96,8092.69,5452.79,2205.63,6607.65,3098.30
2020-07-11,10627.74,2245.61,16731.31,9245.39,8090.34,6431.85,13235.78,13175.54,15376.07,11948.88,10131.11,831.40,6033.49,12128.49,7824.11,10992.84,6520.00,4370.69,16504.58,2630.00,12090.59,16139.61,7653.03,7415.38,11859.58,4676.28,1578.64,10903.10,8868.99,4440.98,19858.07,7050.11,20761.42,8098.04,5587.59,5493.33,5016.13,2827.92,7749.79,2931.32,16373.55,10758.78,8449.00,8859.81,8998.72,9196.47,2048.54,8192.60,5484.11,2295.89,6724.79,3183.11
2020-07-12,10963.26,2402.91,17078.23,9412.29,8283.63,6484.52,13235.78,13238.61,15441.56,12667.21,10303.65,845.48,6254.10,12193.24,7903.91,11219.38,6627.16,4422.61,16787.63,2644.19,12197.33,16168.44,7696.74,7541.91,12150.22,4761.81,1654.89,10995.88,9143.51,4463.09,19896.12,7171.80,20796.16,8274.96,5707.32,5611.22,5131.78,2904.04,7792.11,3021.45,16373.55,11142.13,8500.00,9025.98,9226.27,9348.63,2069.30,8296.86,5597.57,2350.16,6863.43,3222.92
2020-07-13,11363.84,2499.19,17278.74,9602.08,8499.27,6549.48,13298.20,13316.16,15525.55,13259.90,10640.93,860.27,6573.34,12266.46,7968.91,11289.41,6960.32,4504.29,17153.51,2658.39,12266.67,16201.77,7738.56,7629.41,12281.81,4861.05,1796.09,11115.10,9424.29,4473.42,19921.27,7297.32,20824.77,8450.81,5849.41,5719.09,5261.12,2985.41,7837.71,3132.87,16539.06,11441.10,8528.34,9396.59,9537.09,9579.56,2077.28,8410.97,5777.65,2388.37,6984.18,3293.89
2020-07-14,11713.69,2572.42,17865.63,9865.54,8761.85,6629.90,13303.79,13409.21,15582.49,13691.56,10892.08,875.05,6819.03,12326.66,8069.63,11387.94,6988.48,4632.98,17628.84,2664.37,12384.49,16245.66,7807.69,7700.34,12570.44,5030.15,1918.47,11256.60,9777.58,4490.37,19965.38,7403.74,20871.49,8654.30,5916.51,5816.79,5512.95,3062.49,7914.38,3168.24,16634.59,11877.95,8582.75,9662.02,9917.06,9735.20,2083.67,8505.01,5873.06,2440.43,7141.23,3376.97
2020-07-15,12084.40,2655.14,18323.69,10052.67,8986.95,6714.00,13333.46,13492.96,15696.38,14169.56,11231.26,894.76,7182.16,12436.23,8173.79,11576.15,7266.69,4732.79,18077.55,2673.33,12506.95,16277.10,7911.33,7802.64,12913.65,5180.32,2022.96,11392.40,10080.11,4506.59,20009.16,7559.79,20914.17,8828.81,6011.23,5929.37,5785.58,3132.88,7992.54,3248.36,16683.77,12243.01,8673.43,9972.66,10329.58,9878.82,2104.43,8632.28,5972.19,2523.49,7294.83,3435.82
2020-07-16,12497.87,2758.20,18786.48,10323.76,9221.14,6815.30,13365.37,13559.13,15767.56,14825.21,11488.03,908.14,7559.54,12532.38,8280.64,11854.33,7306.53,4837.75,18566.83,2688.28,12616.34,16311.01,8000.97,7910.46,13325.50,5320.53,2132.16,11495.55,10553.68,4525.76,20034.19,7701.53,20953.41,9030.47,6146.75,6039.72,5944.85,3231.19,8055.63,3309.39,16750.92,12604.52,8721.03,10314.16,10853.52,10093.94,2115.60,8738.41,6139.93,2578.87,7458.59,3506.79
2020-07-17,12907.66,2824.64,19322.62,10538.77,9478.01,6919.24,13405.40,13789.70,15823.08,15363.54,11813.04,923.62,7911.83,12639.59,8392.26,12009.27,7624.58,4959.71,19034.42,2716.67,12732.85,16354.18,8078.50,8029.15,13671.05,5473.97,2243.24,11590.41,10997.92,4544.93,20039.80,7853.29,20993.23,9220.77,6309.89,6183.36,6122.12,3303.02,8133.95,3480.27,16828.48,12993.38,8828.71,10645.77,11192.80,10303.99,2129.97,8856.04,6267.06,2648.64,7610.30,3581.21
2020-07-18,13346.10,2924.99,19707.19,10794.59,9687.12,6989.83,13405.40,13884.82,15935.54,15848.44,12200.32,937.70,8227.64,12738.25,8524.51,12139.49,7637.97,5091.31,19034.42,2724.14,12870.53,16406.19,8141.73,8110.59,14011.58,5608.96,2326.07,11685.78,11404.59,4561.88,20069.33,7986.91,21031.71,9455.47,6461.19,6315.27,6354.43,3395.84,8181.42,3584.49,16828.48,13298.64,8911.46,11007.07,11499.57,10575.42,2136.36,8966.40,6355.04,2725.61,7760.81,3648.72
2020-07-19,13709.65,3085.01,20029.43,11025.19,9896.09,7054.96,13405.40,13977.88,16030.92,16434.28,12433.51,956.71,8528.07,12815.55,8661.99,12297.60,7713.88,5281.53,19703.10,2754.77,13023.61,16449.08,8196.85,8241.41,14276.77,5738.07,2384.44,11733.47,11806.65,4572.94,20065.85,8099.06,21057.75,9626.32,6608.54,6410.23,6407.43,3480.55,8228.59,3775.41,16828.48,13765.59,8961.33,11252.57,11777.50,10792.74,2155.52,9090.50,6449.53,2792.06,7904.44,3679.88
2020-07-20,14094.28,3270.78,20263.13,11257.12,10116.91,7136.96,13450.74,14086.44,16141.96,16920.07,12623.06,965.16,8767.49,12915.07,8757.93,12465.52,8086.54,5366.12,20386.79,2772.71,13115.12,16486.02,8251.97,8402.33,14695.65,5883.34,2485.16,11842.32,12129.28,4606.85,20086.05,8215.51,21084.31,9754.40,6749.32,6515.97,6450.04,3557.15,8315.57,3899.97,16933.46,14052.56,9003.27,11513.13,12043.55,10922.13,2171.49,9201.44,6628.41,2847.44,8042.22,3785.46
2020-07-21,14394.41,3421.30,20738.61,11498.68,10374.03,7225.27,13462.22,14212.58,16267.23,17363.27,12915.57,982.76,9063.35,12992.15,8868.06,12585.29,8107.83,5513.83,20749.67,2781.67,13257.44,16521.38,8321.80,8464.71,15243.11,6079.86,2580.24,12020.10,12392.93,4616.43,20118.94,8359.63,21128.06,9934.30,6855.88,6605.53,6676.51,3640.67,8390.68,4049.88,17011.01,14424.70,9089.41,11820.66,12389.24,11100.23,2181.07,9318.38,6734.18,2879.01,8238.14,3873.73
2020-07-22,14692.08,3548.77,21007.59,11694.77,10681.49,7329.74,13497.77,14260.15,16412.44,17822.68,13224.99,994.73,9346.10,13118.35,8984.92,12739.59,8372.30,5632.66,21344.74,2781.67,13361.21,16562.96,8392.53,8554.53,15761.10,6276.72,2673.43,12173.53,12773.23,4640.76,20156.55,8508.05,21164.19,10134.81,7066.39,6736.16,6923.78,3683.38,8453.70,4080.56,17082.89,14760.06,9155.16,12137.65,12771.34,11286.24,2181.07,9438.36,6826.54,3024.09,8390.20,3960.28
2020-07-23,15182.89,3636.92,21338.06,12030.89,10950.64,7445.97,13500.29,14396.63,16472.23,18303.87,13675.30,1033.45,9612.32,13245.82,9127.33,12925.90,8421.07,5780.14,21837.44,2792.13,13470.10,16610.33,8461.96,8689.97,16089.91,6516.50,2752.51,12345.62,13211.21,4657.72,20183.71,8667.92,21205.64,10318.17,7232.16,6859.69,7093.19,3761.89,8522.88,4216.70,17164.23,15067.68,9229.97,12503.97,13103.83,11444.73,2198.63,9537.45,6934.43,3073.38,8557.74,4062.40
2020-07-24,15549.71,3723.70,21806.99,12359.38,11201.44,7566.94,13652.55,14684.06,16583.27,18888.11,14043.67,1074.28,9925.28,13372.18,9277.07,13128.04,8725.04,5959.18,22284.65,2807.07,13624.00,16659.30,8527.28,8826.67,16629.00,6728.85,2930.42,12530.14,13516.05,4699.74,20235.12,8816.81,21244.43,10525.71,7391.36,6993.15,7384.08,3859.01,8615.72,4371.31,17236.11,15461.26,9294.58,12801.61,13367.15,11724.70,2211.40,9669.76,7070.31,3153.67,8754.52,4162.79
2020-07-25,15984.46,3886.43,22317.75,12602.26,11460.08,7698.45,13652.55,14656.15,16680.07,19460.85,14379.23,1124.26,10215.44,13473.66,9418.88,13271.25,8745.99,6130.83,22284.65,2831.73,13837.65,16700.31,8570.00,8969.77,17109.15,6906.12,3068.80,12653.50,13839.02,4729.23,20292.71,8966.19,21282.70,10725.16,7551.87,7116.17,7628.81,3935.37,8676.54,4550.64,17236.11,15736.82,9413.59,13066.30,13644.04,11901.85,2228.97,9815.93,7150.60,3223.44,8899.01,4233.76
2020-07-26,16222.60,4203.74,22594.67,12815.28,11612.04,7789.22,13652.55,14775.05,16769.76,19899.55,14589.70,1168.61,10410.40,13584.33,9546.05,13420.49,8809.53,6195.06,23108.69,2849.66,13951.67,16753.77,8678.55,9123.39,17513.30,7096.60,3145.99,12760.28,14144.18,4744.71,20349.40,9092.65,21309.92,10871.06,7736.06,7192.22,7934.16,4000.27,8727.45,4739.37,17236.11,15971.08,9515.61,13490.38,13787.89,12012.57,2235.35,9928.40,7221.99,3300.42,9062.42,4283.96
2020-07-27,16595.16,4344.77,22856.40,13088.68,11808.34,7852.25,13710.49,14894.99,16880.80,20317.03,14820.80,1188.32,10737.61,13691.30,9626.15,13527.90,9080.87,6322.17,23611.48,2863.11,14138.67,16795.64,8736.47,9239.23,17731.95,7314.67,3206.24,12905.93,14460.89,4748.40,20399.80,9306.93,21341.29,11045.18,7880.78,7286.66,8249.64,4085.70,8822.87,4829.50,17511.34,16210.65,9571.15,13865.42,14016.35,12159.99,2238.55,10105.09,7371.42,3352.47,9172.16,4361.85
